{"count":1,"self":214.1960832,"total":220.5491456,"children":{"InitializeActuators":{"count":3,"self":0.0029936999999999997,"total":0.0029936999999999997,"children":null},"InitializeSensors":{"count":3,"self":0.0059806999999999994,"total":0.0059806999999999994,"children":null},"AgentSendState":{"count":10728,"self":1.2194578,"total":1.3257542999999998,"children":{"CollectObservations":{"count":4292,"self":0.0479405,"total":0.0479405,"children":null},"WriteActionMask":{"count":4292,"self":0.014484299999999999,"total":0.014484299999999999,"children":null},"RequestDecision":{"count":4292,"self":0.0438717,"total":0.0438717,"children":null}}},"DecideAction":{"count":10728,"self":4.449168,"total":4.5180625999999995,"children":{"RayPerceptionSensor.Perceive":{"count":8584,"self":0.0688946,"total":0.0688946,"children":null}}},"AgentAct":{"count":10728,"self":0.498272,"total":0.498272,"children":null}},"gauges":{"Tank.CumulativeReward":{"count":8,"max":1.91839981,"min":-3.80001855,"runningAverage":-1.07685709,"value":0.6109921,"weightedAverage":-0.6649158}},"metadata":{"timer_format_version":"0.1.0","start_time_seconds":"1629338140","unity_version":"2020.3.15f2c1","command_line_arguments":"E:\\Softwares\\Unity\\Unity 2020.3.15f2c1\\Unity.exe -projectpath E:\/UnityProject\/Tanks-MARL -useHub -hubIPC -cloudEnvironment production -hubSessionId af4c5a70-fb0f-11eb-9459-8b6f40012f65 -accessToken Q3o7orJiugCXDZG_YD0Rh5b7BE2CrZtpZKBDN6JLn50009f","communication_protocol_version":"1.5.0","com.unity.ml-agents_version":"2.1.0-exp.1","scene_name":"TwoTanksHighSpeed","end_time_seconds":"1629338361"}}